,,,,,,
,RILEY,,,,,
,MARENGO 1,,,,,
,MARENGO 2,,,,,
,MARENGO 3,,,,,
,MARENGO 4,,,,,
,DUNHAM,,,,,
,CHEMUNG 1,,,,,
,CHEMUNG 2,,,,,
,CHEMUNG 3,,,,,
,CHEMUNG 4,,,,,
,CHEMUNG 5,,,,,
,ALDEN,,,,,
,HARTLAND 1,,,,,
,HARTLAND 2,,,,,
,SENECA 1,,,,,
,SENECA 2,,,,,
,CORAL 1,,,,,
,CORAL 2,,,,,
,CORAL 3,,,,,
,GRAFTON 1,,,,,
,GRAFTON 2,,,,,
,GRAFTON 3,,,,,
,GRAFTON 4,,,,,
,GRAFTON 5,,,,,
,GRAFTON 6,,,,,
,GRAFTON 7,,,,,
,GRAFTON 8,,,,,
,GRAFTON 9,,,,,
,GRAFTON 10,,,,,
,GRAFTON 11,,,,,
,GRAFTON 12,,,,,
,GRAFTON 13,,,,,
,GRAFTON 14,,,,,
,GRAFTON 15,,,,,
,GRAFTON 16,,,,,
,GRAFTON 17,,,,,
,GRAFTON 18,,,,,
,GRAFTON 19,,,,,
,GRAFTON 20,,,,,
,GRAFTON 21,,,,,
,GRAFTON 22,,,,,
,GRAFTON 23,,,,,
,GRAFTON 24,,,,,
,GRAFTON 25,,,,,
,GRAFTON 26,,,,,
,GRAFTON 27,,,,,
,GRAFTON 28,,,,,
,GRAFTON 29,,,,,
,GRAFTON 30,,,,,
,GRAFTON 31,,,,,
,DORR 1,,,,,
,DORR 2,,,,,
,DORR 3,,,,,
,DORR 4,,,,,
,DORR 5,,,,,
,DORR 6,,,,,
,DORR 7,,,,,
,DORR 8,,,,,
,DORR 9,,,,,
,DORR 10,,,,,
,DORR 11,,,,,
,DORR 12,,,,,
,DORR 13,,,,,
,DORR 14,,,,,
,GREENWOOD 1,,,,,
,GREENWOOD 2,,,,,
,GREENWOOD 3,,,,,
,GREENWOOD 4,,,,,
,GREENWOOD 5,,,,,
,GREENWOOD 6,,,,,
,GREENWOOD 7,,,,,
,HEBRON 1,,,,,
,HEBRON 2,,,,,
,RICHMOND 1,,,,,
,RICHMOND 2,,,,,
,RICHMOND 3,,,,,
,RICHMOND 4,,,,,
,BURTON 1,,,,,
,BURTON 2,,,,,
,BURTON 3,,,,,
,MCHENRY 1,,,,,
,MCHENRY 2,,,,,
,MCHENRY 3,,,,,
,MCHENRY 4,,,,,
,MCHENRY 5,,,,,
,MCHENRY 6,,,,,
,MCHENRY 7,,,,,
,MCHENRY 8,,,,,
,MCHENRY 9,,,,,
,MCHENRY 10,,,,,
,MCHENRY 11,,,,,
,MCHENRY 12,,,,,
,MCHENRY 13,,,,,
,MCHENRY 14,,,,,
,MCHENRY 15,,,,,
,MCHENRY 16,,,,,
,MCHENRY 17,,,,,
,MCHENRY 18,,,,,
,MCHENRY 19,,,,,
,MCHENRY 20,,,,,
,MCHENRY 21,,,,,
,MCHENRY 22,,,,,
,MCHENRY 23,,,,,
,MCHENRY 24,,,,,
,MCHENRY 25,,,,,
,MCHENRY 26,,,,,
,MCHENRY 27,,,,,
,MCHENRY 28,,,,,
,MCHENRY 29,,,,,
,MCHENRY 30,,,,,
,MCHENRY 31,,,,,
,MCHENRY 32,,,,,
,MCHENRY 33,,,,,
,MCHENRY 34,,,,,
,MCHENRY 35,,,,,
,NUNDA 1,,,,,
,NUNDA 2,,,,,
,NUNDA 3,,,,,
,NUNDA 4,,,,,
,NUNDA 5,,,,,
,NUNDA 6,,,,,
,NUNDA 7,,,,,
,NUNDA 8,,,,,
,NUNDA 9,,,,,
,NUNDA 10,,,,,
,NUNDA 11,,,,,
,NUNDA 12,,,,,
,NUNDA 13,,,,,
,NUNDA 14,,,,,
,NUNDA 15,,,,,
,NUNDA 16,,,,,
,NUNDA 17,,,,,
,NUNDA 18,,,,,
,NUNDA 19,,,,,
,NUNDA 20,,,,,
,NUNDA 21,,,,,
,NUNDA 22,,,,,
,NUNDA 23,,,,,
,NUNDA 24,,,,,
,NUNDA 25,,,,,
,NUNDA 26,,,,,
,NUNDA 27,,,,,
,NUNDA 28,,,,,
,NUNDA 29,,,,,
,ALGONQUIN 1,,,,,
,ALGONQUIN 2,,,,,
,ALGONQUIN 3,,,,,
,ALGONQUIN 4,,,,,
,ALGONQUIN 5,,,,,
,ALGONQUIN 6,,,,,
,ALGONQUIN 7,,,,,
,ALGONQUIN 8,,,,,
,ALGONQUIN 9,,,,,
,ALGONQUIN 10,,,,,
,ALGONQUIN 11,,,,,
,ALGONQUIN 12,,,,,
,ALGONQUIN 13,,,,,
,ALGONQUIN 14,,,,,
,ALGONQUIN 15,,,,,
,ALGONQUIN 16,,,,,
,ALGONQUIN 17,,,,,
,ALGONQUIN 18,,,,,
,ALGONQUIN 19,,,,,
,ALGONQUIN 20,,,,,
,ALGONQUIN 21,,,,,
,ALGONQUIN 22,,,,,
,ALGONQUIN 23,,,,,
,ALGONQUIN 24,,,,,
,ALGONQUIN 25,,,,,
,ALGONQUIN 26,,,,,
,ALGONQUIN 27,,,,,
,ALGONQUIN 28,,,,,
,ALGONQUIN 29,,,,,
,ALGONQUIN 30,,,,,
,ALGONQUIN 31,,,,,
,ALGONQUIN 32,,,,,
,ALGONQUIN 33,,,,,
,ALGONQUIN 34,,,,,
,ALGONQUIN 35,,,,,
,ALGONQUIN 36,,,,,
,ALGONQUIN 37,,,,,
,ALGONQUIN 38,,,,,
,ALGONQUIN 39,,,,,
,ALGONQUIN 40,,,,,
,ALGONQUIN 41,,,,,
,ALGONQUIN 42,,,,,
,ALGONQUIN 43,,,,,
,ALGONQUIN 44,,,,,
,ALGONQUIN 45,,,,,
,ALGONQUIN 46,,,,,
,ALGONQUIN 47,,,,,
,ALGONQUIN 48,,,,,
,ALGONQUIN 49,,,,,
,ALGONQUIN 50,,,,,
,ALGONQUIN 51,,,,,
,ALGONQUIN 52,,,,,
,ALGONQUIN 53,,,,,
,ALGONQUIN 54,,,,,
,ALGONQUIN 55,,,,,
,ALGONQUIN 56,,,,,
,ALGONQUIN 57,,,,,
,ALGONQUIN 58,,,,,
,ALGONQUIN 59,,,,,
,ALGONQUIN 60,,,,,
,ALGONQUIN 61,,,,,
,ALGONQUIN 62,,,,,
,ALGONQUIN 63,,,,,
,ALGONQUIN 64,,,,,
,ALGONQUIN 65,,,,,
,ALGONQUIN 66,,,,,
,ALGONQUIN 67,,,,,
,ALGONQUIN 68,,,,,